Tester,Env.Year,LOD,SNP,Position,chr,POS_cm,Peak,Env,Year
PHK76,DEH1.2020,5.48550021,S2_46101662,46101662,2,31.49876595,6.263107623,DEH1,2020
PHK76,DEH1.2020,5.201548767,S3_190197719,190197719,3,129.9517886,7.697130849,DEH1,2020
PHK76,DEH1.2020,5.139801719,S8_169059843,169059843,8,115.5094241,5.142706631,DEH1,2020
PHK76,DEH1.2021,5.213182692,S2_32769198,32769198,2,22.3894162,7.018549723,DEH1,2021
PHK76,IAH1.2021,5.235947622,S2_68678727,68678727,2,46.9244503,6.412643309,IAH1,2021
PHK76,IAH1.2021,5.33271132,S3_2645638,2645638,3,1.807620995,5.412939597,IAH1,2021
PHK76,IAH2.2021,5.131077379,S2_31776899,31776899,2,21.7114321,7.646577638,IAH2,2021
PHK76,IAH2.2021,5.033772683,S3_191059861,191059861,3,130.5408435,6.231234737,IAH2,2021
PHK76,IAH3.2021,5.004093576,S2_36122371,36122371,2,24.6804575,7.285670613,IAH3,2021
PHK76,IAH4.2021,5.01314234,S2_46067701,46067701,2,31.47556224,8.50058181,IAH4,2021
PHK76,IAH4.2021,5.143590513,S3_194758451,194758451,3,133.0678895,5.912350108,IAH4,2021
PHK76,IAH4.2021,5.850748539,S8_155373364,155373364,8,106.1581951,6.035976377,IAH4,2021
PHK76,ILH1.2021,5.204872098,S2_34398932,34398932,2,23.50292508,8.228490108,ILH1,2021
PHK76,ILH1.2021,5.2944235,S3_203759073,203759073,3,139.2175265,5.788851149,ILH1,2021
PHK76,INH1.2020,5.090365208,S2_38584591,38584591,2,26.36275892,7.317748249,INH1,2020
PHK76,INH1.2020,5.101865733,S3_201064486,201064486,3,137.3764613,5.740182648,INH1,2020
PHK76,NCH1.2021,5.281676977,S2_46179971,46179971,2,31.55227024,6.875632653,NCH1,2021
PHK76,NCH1.2021,5.136717548,S3_3509477,3509477,3,2.397835345,6.495649978,NCH1,2021
PHK76,NCH1.2021,5.131207662,S7_145323542,145323542,7,99.2916966,5.588255117,NCH1,2021
PHK76,NCH1.2021,5.005305086,S8_155670876,155670876,8,106.3614689,5.008453492,NCH1,2021
PHK76,WIH2.2020,5.130224839,S2_80518641,80518641,2,55.01402156,5.759381966,WIH2,2020
PHK76,WIH2.2020,5.024783367,S6_162624311,162624311,6,111.112374,5.205945806,WIH2,2020
PHK76,WIH2.2021,5.061213424,S2_33487453,33487453,2,22.8801609,6.131525054,WIH2,2021
PHK76,WIH2.2021,5.2320902,S3_197124049,197124049,3,134.6841743,6.898303,WIH2,2021
PHP02,DEH1.2020,5.087859743,S2_166185448,166185448,2,113.5455058,5.516739752,DEH1,2020
PHP02,DEH1.2020,5.371361263,S7_131727168,131727168,7,90.00203146,5.521936316,DEH1,2020
PHP02,DEH1.2020,5.11560646,S9_18962185,18962185,9,12.95583285,6.846219727,DEH1,2020
PHP02,DEH1.2021,5.00015329,S1_298363375,298363375,1,203.8555165,5.124811396,DEH1,2021
PHP02,DEH1.2021,6.253051121,S2_191652493,191652493,2,130.9457568,6.277274561,DEH1,2021
PHP02,DEH1.2021,5.284828195,S7_147774487,147774487,7,100.9662944,6.196294685,DEH1,2021
PHP02,IAH2.2021,5.030326629,S2_149287679,149287679,2,102.0001765,5.740393224,IAH2,2021
PHP02,IAH2.2021,5.139693478,S7_123208440,123208440,7,84.18164652,6.07609594,IAH2,2021
PHP02,IAH3.2021,5.158549893,S2_135410575,135410575,2,92.51870375,6.381465895,IAH3,2021
PHP02,IAH3.2021,5.014103301,S7_137403846,137403846,7,93.88059774,5.697141352,IAH3,2021
PHP02,IAH4.2021,5.23733144,S2_149328637,149328637,2,102.0281609,5.446518818,IAH4,2021
PHP02,IAH4.2021,5.716184228,S7_147716439,147716439,7,100.9266334,6.347686728,IAH4,2021
PHP02,IAH4.2021,5.009177023,S8_13739741,13739741,8,9.387620037,5.513488104,IAH4,2021
PHP02,MIH1.2021,5.135141435,S3_181097729,181097729,3,123.7342589,5.193951882,MIH1,2021
PHP02,MIH1.2021,5.298796791,S9_18538860,18538860,9,12.66659784,6.999557135,MIH1,2021
PHP02,MNH1.2020,5.52164383,S1_165030795,165030795,1,112.756594,6.222864212,MNH1,2020
PHP02,MNH1.2020,5.883822407,S2_166182346,166182346,2,113.5433864,6.786777983,MNH1,2020
PHP02,MNH1.2020,5.532407743,S4_92848382,92848382,4,63.43826505,5.53810066,MNH1,2020
PHP02,MNH1.2020,5.102414984,S8_23433532,23433532,8,16.01086182,5.108709399,MNH1,2020
PHP02,MNH1.2021,5.052231441,S1_166280546,166280546,1,113.6104811,5.593907614,MNH1,2021
PHP02,MNH1.2021,5.00282962,S2_166182346,166182346,2,113.5433864,5.30108169,MNH1,2021
PHP02,MNH1.2021,5.123707776,S3_170917907,170917907,3,116.7789384,6.544877041,MNH1,2021
PHP02,MNH1.2021,5.158345521,S4_89136868,89136868,4,60.90238878,5.223585193,MNH1,2021
PHP02,MNH1.2021,5.098901034,S8_14203705,14203705,8,9.704621482,5.405972606,MNH1,2021
PHP02,OHH1.2020,5.225494966,S6_105778774,105778774,6,72.2729008,5.281857203,OHH1,2020
PHP02,OHH1.2020,5.37526014,S9_153330602,153330602,9,104.7624865,5.37526014,OHH1,2020
PHP02,WIH1.2020,5.054871922,S3_181216311,181216311,3,123.8152795,5.054871922,WIH1,2020
PHP02,WIH1.2021,5.063201825,S7_122827200,122827200,7,83.9211659,5.567355242,WIH1,2021
PHP02,WIH2.2021,5.512110485,S6_117143559,117143559,6,80.03784218,5.512110485,WIH2,2021
PHP02,WIH2.2021,5.223005599,S7_141743512,141743512,7,96.84565622,5.815156073,WIH2,2021
PHP02,WIH2.2021,5.344739423,S9_126299270,126299270,9,86.29344307,5.344739423,WIH2,2021
PHP02,WIH2.2021,5.18454783,S10_131242110,131242110,10,89.67061763,5.18454783,WIH2,2021
PHP02,WIH3.2021,5.014355252,S7_165183006,165183006,7,112.8605915,5.014355252,WIH3,2021
PHP02,WIH3.2021,5.149769016,S8_180304727,180304727,8,123.1924436,5.185710027,WIH3,2021
PHP02,WIH3.2021,5.273213824,S9_21040087,21040087,9,14.37555062,5.273213824,WIH3,2021
PHZ51,DEH1.2020,5.663994576,S5_69379419,69379419,5,47.40319515,5.967011516,DEH1,2020
PHZ51,DEH1.2020,5.631581337,S8_110807043,110807043,8,75.70844437,5.634540224,DEH1,2020
PHZ51,DEH1.2021,5.002933081,S4_11862714,11862714,4,8.105149263,5.002933081,DEH1,2021
PHZ51,DEH1.2021,5.044225171,S5_18905027,18905027,5,12.91677989,5.141092691,DEH1,2021
PHZ51,DEH1.2021,5.128431237,S6_165359429,165359429,6,112.9811318,5.265256879,DEH1,2021
PHZ51,GAH1.2021,5.407072246,S4_10898390,10898390,4,7.446278961,5.439165294,GAH1,2021
PHZ51,GAH1.2021,5.019034597,S5_13102195,13102195,5,8.952019424,5.583022276,GAH1,2021
PHZ51,GAH1.2021,5.028974368,S10_1409076,1409076,10,0.962745229,5.028974368,GAH1,2021
PHZ51,IAH1.2021,5.19829037,S10_4309382,4309382,10,2.94436706,5.798635539,IAH1,2021
PHZ51,IAH2.2021,5.636060036,S9_26394490,26394490,9,18.03392387,5.636060036,IAH2,2021
PHZ51,IAH2.2021,5.022190731,S10_4309382,4309382,10,2.94436706,5.529327886,IAH2,2021
PHZ51,IAH3.2021,5.488269788,S2_19708984,19708984,2,13.46608012,5.488269788,IAH3,2021
PHZ51,IAH3.2021,6.329067388,S3_227318635,227318635,3,155.3144978,6.414833457,IAH3,2021
PHZ51,IAH3.2021,5.005648754,S5_167632182,167632182,5,114.5339807,5.383782888,IAH3,2021
PHZ51,IAH3.2021,5.10487104,S9_95693487,95693487,9,65.38217103,5.133542961,IAH3,2021
PHZ51,IAH4.2021,5.207776139,S4_8017896,8017896,4,5.478193595,5.628292001,IAH4,2021
PHZ51,IAH4.2021,5.032147005,S8_168868442,168868442,8,115.3786501,5.049786887,IAH4,2021
PHZ51,NCH1.2021,5.042998322,S2_20116723,20116723,2,13.74466607,5.25198295,NCH1,2021
PHZ51,NEH1.2020,5.070691221,S2_3368599,3368599,2,2.301581047,5.096030065,NEH1,2020
PHZ51,NEH1.2020,5.23813637,S3_10569804,10569804,3,7.221773964,6.069190411,NEH1,2020
PHZ51,NEH1.2020,5.239261397,S4_5528689,5528689,4,3.777453421,6.402334485,NEH1,2020
PHZ51,NEH1.2020,5.318434729,S5_9625767,9625767,5,6.576764669,6.577126956,NEH1,2020
PHZ51,NEH1.2021,5.982798329,S2_32714329,32714329,2,22.35192719,6.163959669,NEH1,2021
PHZ51,NEH1.2021,5.144101507,S3_8495672,8495672,3,5.80463203,5.564981686,NEH1,2021
PHZ51,NEH1.2021,5.318380407,S4_11874080,11874080,4,8.112915035,5.442622418,NEH1,2021
PHZ51,NEH1.2021,7.633310234,S7_144447089,144447089,7,98.69286379,9.024941168,NEH1,2021
PHZ51,NEH2.2020,5.208874532,S4_178880087,178880087,4,122.2190643,5.823397217,NEH2,2020
PHZ51,NEH2.2020,5.147308422,S9_24183511,24183511,9,16.5232818,6.825168841,NEH2,2020
PHZ51,NEH2.2020,5.051269499,S10_49878002,49878002,10,34.07893431,5.37290193,NEH2,2020
PHZ51,NEH3.2020,5.035971199,S1_227406565,227406565,1,155.3745756,5.223311842,NEH3,2020
PHZ51,NEH3.2020,5.073419741,S10_9234038,9234038,10,6.309117483,5.478364933,NEH3,2020
PHZ51,TXH1.2020,5.767250248,S2_19822843,19822843,2,13.5438738,5.791918848,TXH1,2020
PHZ51,TXH1.2020,5.497399256,S4_23287954,23287954,4,15.91139626,6.149314857,TXH1,2020
PHZ51,TXH2.2021,5.004595835,S8_9316382,9316382,8,6.365378673,5.00477245,TXH2,2021
PHZ51,WIH2.2020,5.275021596,S5_20821091,20821091,5,14.22592253,5.280284248,WIH2,2020
PHZ51,WIH2.2020,5.307017414,S6_174219648,174219648,6,119.034839,5.333582885,WIH2,2020
PHZ51,WIH2.2020,5.004063687,S8_13769510,13769510,8,9.407959581,5.0867581,WIH2,2020
PHZ51,WIH2.2021,5.107079498,S2_210634672,210634672,2,143.9152505,6.444864953,WIH2,2021
PHZ51,WIH2.2021,5.118335014,S5_163943883,163943883,5,112.013966,5.735281713,WIH2,2021
